Year,State,StudentLoan_PerCapita_USD,RPP_AllItems,Balance_Billions,Borrowers_Thousands
2008,Alabama,2160.0,88.901,,
2009,Alabama,2470.0,87.786,,
2010,Alabama,2790.0,89.783,,
2011,Alabama,2990.0,90.011,,
2012,Alabama,3370.0,90.559,,
2013,Alabama,3620.0,90.324,,
2014,Alabama,3980.0,90.175,,
2015,Alabama,4180.0,89.741,,
2016,Alabama,4390.0,90.609,,
2017,Alabama,4610.0,90.065,,
2018,Alabama,4920.0,87.378,,
2019,Alabama,5120.0,88.303,,
2020,Alabama,5280.0,87.569,,
2021,Alabama,5450.0,88.062,,
2022,Alabama,5480.0,88.021,,
2023,Alabama,5490.0,89.097,,
2024,Alabama,5560.0,88.823,,
2008,Alaska,2530.0,103.878,2.4,65.3
2009,Alaska,2850.0,106.147,2.4,65.3
2010,Alaska,3140.0,103.099,2.4,65.3
2011,Alaska,3390.0,103.274,2.4,65.3
2012,Alaska,3680.0,102.548,2.4,65.3
2013,Alaska,3630.0,102.052,2.4,65.3
2014,Alaska,3640.0,102.386,2.4,65.3
2015,Alaska,3610.0,103.287,2.4,65.3
2016,Alaska,3660.0,104.073,2.4,65.3
2017,Alaska,3740.0,104.833,2.4,65.3
2018,Alaska,4030.0,104.565,2.4,65.3
2019,Alaska,3970.0,103.041,2.4,65.3
2020,Alaska,4030.0,101.339,2.4,65.3
2021,Alaska,3990.0,104.907,2.4,65.3
2022,Alaska,3910.0,102.101,2.4,65.3
2023,Alaska,4250.0,103.297,2.4,65.3
2024,Alaska,4180.0,102.359,2.4,65.3
2008,Arizona,2500.0,102.504,34.0,924.3
2009,Arizona,2890.0,102.865,34.0,924.3
2010,Arizona,3220.0,100.558,34.0,924.3
2011,Arizona,3420.0,99.083,34.0,924.3
2012,Arizona,3890.0,98.05,34.0,924.3
2013,Arizona,4030.0,98.441,34.0,924.3
2014,Arizona,4310.0,97.944,34.0,924.3
2015,Arizona,4470.0,97.865,34.0,924.3
2016,Arizona,4690.0,98.622,34.0,924.3
2017,Arizona,4890.0,97.915,34.0,924.3
2018,Arizona,5170.0,97.381,34.0,924.3
2019,Arizona,5260.0,97.779,34.0,924.3
2020,Arizona,5410.0,99.203,34.0,924.3
2021,Arizona,5480.0,96.6,34.0,924.3
2022,Arizona,5420.0,99.992,34.0,924.3
2023,Arizona,5290.0,100.742,34.0,924.3
2024,Arizona,5100.0,100.677,34.0,924.3
2008,Arkansas,1990.0,88.096,14.4,411.3
2009,Arkansas,2260.0,86.364,14.4,411.3
2010,Arkansas,2620.0,88.561,14.4,411.3
2011,Arkansas,2840.0,89.383,14.4,411.3
2012,Arkansas,3190.0,89.394,14.4,411.3
2013,Arkansas,3440.0,89.493,14.4,411.3
2014,Arkansas,3720.0,89.395,14.4,411.3
2015,Arkansas,3830.0,89.013,14.4,411.3
2016,Arkansas,4100.0,89.298,14.4,411.3
2017,Arkansas,4170.0,88.561,14.4,411.3
2018,Arkansas,4330.0,87.144,14.4,411.3
2019,Arkansas,4540.0,87.744,14.4,411.3
2020,Arkansas,4650.0,88.165,14.4,411.3
2021,Arkansas,4850.0,88.902,14.4,411.3
2022,Arkansas,4920.0,86.913,14.4,411.3
2023,Arkansas,4940.0,86.81,14.4,411.3
2024,Arkansas,5060.0,86.937,14.4,411.3
2008,California,2350.0,111.22,157.1,3965.9
2009,California,2650.0,110.696,157.1,3965.9
2010,California,2960.0,109.703,157.1,3965.9
2011,California,3140.0,109.503,157.1,3965.9
2012,California,3510.0,109.666,157.1,3965.9
2013,California,3720.0,109.667,157.1,3965.9
2014,California,3890.0,109.926,157.1,3965.9
2015,California,4010.0,110.685,157.1,3965.9
2016,California,4190.0,109.956,157.1,3965.9
2017,California,4330.0,110.998,157.1,3965.9
2018,California,4530.0,111.882,157.1,3965.9
2019,California,4640.0,111.134,157.1,3965.9
2020,California,4640.0,111.944,157.1,3965.9
2021,California,4710.0,111.918,157.1,3965.9
2022,California,4700.0,112.591,157.1,3965.9
2023,California,4680.0,112.195,157.1,3965.9
2024,California,4700.0,110.72,157.1,3965.9
2008,Colorado,3240.0,103.315,29.8,774.4
2009,Colorado,3630.0,102.378,29.8,774.4
2010,Colorado,4000.0,100.59,29.8,774.4
2011,Colorado,4280.0,103.384,29.8,774.4
2012,Colorado,4720.0,103.138,29.8,774.4
2013,Colorado,4910.0,103.099,29.8,774.4
2014,Colorado,5150.0,103.068,29.8,774.4
2015,Colorado,5300.0,103.048,29.8,774.4
2016,Colorado,5630.0,102.716,29.8,774.4
2017,Colorado,5840.0,102.946,29.8,774.4
2018,Colorado,6180.0,100.29,29.8,774.4
2019,Colorado,6230.0,102.491,29.8,774.4
2020,Colorado,6310.0,103.774,29.8,774.4
2021,Colorado,6310.0,102.765,29.8,774.4
2022,Colorado,6280.0,102.26,29.8,774.4
2023,Colorado,6240.0,101.856,29.8,774.4
2024,Colorado,6000.0,103.052,29.8,774.4
2008,Connecticut,2950.0,110.451,19.8,521.4
2009,Connecticut,3250.0,110.72,19.8,521.4
2010,Connecticut,3660.0,106.999,19.8,521.4
2011,Connecticut,3890.0,107.834,19.8,521.4
2012,Connecticut,4170.0,107.595,19.8,521.4
2013,Connecticut,4600.0,107.731,19.8,521.4
2014,Connecticut,4760.0,107.015,19.8,521.4
2015,Connecticut,5060.0,107.536,19.8,521.4
2016,Connecticut,5470.0,107.477,19.8,521.4
2017,Connecticut,5660.0,107.228,19.8,521.4
2018,Connecticut,5890.0,104.015,19.8,521.4
2019,Connecticut,6160.0,103.915,19.8,521.4
2020,Connecticut,6270.0,105.119,19.8,521.4
2021,Connecticut,6340.0,102.886,19.8,521.4
2022,Connecticut,6410.0,106.362,19.8,521.4
2023,Connecticut,6460.0,104.201,19.8,521.4
2024,Connecticut,6470.0,103.61,19.8,521.4
2008,Delaware,2570.0,100.753,5.6,138.9
2009,Delaware,2900.0,102.077,5.6,138.9
2010,Delaware,3340.0,101.545,5.6,138.9
2011,Delaware,3630.0,100.441,5.6,138.9
2012,Delaware,4090.0,99.566,5.6,138.9
2013,Delaware,4370.0,98.624,5.6,138.9
2014,Delaware,4600.0,99.708,5.6,138.9
2015,Delaware,4880.0,97.913,5.6,138.9
2016,Delaware,5290.0,98.478,5.6,138.9
2017,Delaware,5590.0,98.499,5.6,138.9
2018,Delaware,6040.0,99.252,5.6,138.9
2019,Delaware,6070.0,98.824,5.6,138.9
2020,Delaware,6380.0,96.791,5.6,138.9
2021,Delaware,6240.0,97.425,5.6,138.9
2022,Delaware,6440.0,98.007,5.6,138.9
2023,Delaware,6330.0,98.759,5.6,138.9
2024,Delaware,6320.0,99.808,5.6,138.9
2008,District of Columbia,7420.0,112.368,6.5,116.1
2009,District of Columbia,7920.0,113.017,6.5,116.1
2010,District of Columbia,8700.0,114.226,6.5,116.1
2011,District of Columbia,9640.0,114.058,6.5,116.1
2012,District of Columbia,10670.0,111.644,6.5,116.1
2013,District of Columbia,10880.0,113.521,6.5,116.1
2014,District of Columbia,11260.0,114.242,6.5,116.1
2015,District of Columbia,11780.0,113.321,6.5,116.1
2016,District of Columbia,12200.0,112.415,6.5,116.1
2017,District of Columbia,12380.0,110.146,6.5,116.1
2018,District of Columbia,13320.0,111.317,6.5,116.1
2019,District of Columbia,13420.0,109.228,6.5,116.1
2020,District of Columbia,13600.0,110.881,6.5,116.1
2021,District of Columbia,12440.0,111.572,6.5,116.1
2022,District of Columbia,12770.0,112.594,6.5,116.1
2023,District of Columbia,12900.0,110.713,6.5,116.1
2024,District of Columbia,12800.0,109.901,6.5,116.1
2008,Florida,2260.0,101.668,113.0,2767.5
2009,Florida,2590.0,100.491,113.0,2767.5
2010,Florida,2940.0,100.392,113.0,2767.5
2011,Florida,3210.0,100.846,113.0,2767.5
2012,Florida,3630.0,101.072,113.0,2767.5
2013,Florida,3840.0,100.742,113.0,2767.5
2014,Florida,4090.0,100.894,113.0,2767.5
2015,Florida,4220.0,101.29,113.0,2767.5
2016,Florida,4480.0,101.087,113.0,2767.5
2017,Florida,4690.0,100.871,113.0,2767.5
2018,Florida,4940.0,100.318,113.0,2767.5
2019,Florida,5020.0,99.645,113.0,2767.5
2020,Florida,5140.0,100.604,113.0,2767.5
2021,Florida,5280.0,101.389,113.0,2767.5
2022,Florida,5300.0,102.284,113.0,2767.5
2023,Florida,5220.0,103.636,113.0,2767.5
2024,Florida,5110.0,103.414,113.0,2767.5
2008,Georgia,2900.0,94.254,74.6,1715.2
2009,Georgia,3330.0,91.854,74.6,1715.2
2010,Georgia,3830.0,94.574,74.6,1715.2
2011,Georgia,4210.0,93.666,74.6,1715.2
2012,Georgia,4770.0,95.298,74.6,1715.2
2013,Georgia,5140.0,94.868,74.6,1715.2
2014,Georgia,5640.0,94.962,74.6,1715.2
2015,Georgia,5870.0,94.717,74.6,1715.2
2016,Georgia,6340.0,94.991,74.6,1715.2
2017,Georgia,6750.0,95.275,74.6,1715.2
2018,Georgia,7250.0,94.832,74.6,1715.2
2019,Georgia,7440.0,94.392,74.6,1715.2
2020,Georgia,7610.0,94.478,74.6,1715.2
2021,Georgia,7700.0,95.713,74.6,1715.2
2022,Georgia,7690.0,95.678,74.6,1715.2
2023,Georgia,7560.0,96.494,74.6,1715.2
2024,Georgia,7380.0,96.293,74.6,1715.2
2008,Hawaii,1800.0,109.773,4.9,122.5
2009,Hawaii,2020.0,112.715,4.9,122.5
2010,Hawaii,2270.0,109.56,4.9,122.5
2011,Hawaii,2350.0,109.94,4.9,122.5
2012,Hawaii,2690.0,108.393,4.9,122.5
2013,Hawaii,2920.0,112.319,4.9,122.5
2014,Hawaii,3010.0,110.596,4.9,122.5
2015,Hawaii,3150.0,111.504,4.9,122.5
2016,Hawaii,3240.0,109.901,4.9,122.5
2017,Hawaii,3530.0,110.466,4.9,122.5
2018,Hawaii,3780.0,110.929,4.9,122.5
2019,Hawaii,3780.0,111.767,4.9,122.5
2020,Hawaii,3700.0,113.279,4.9,122.5
2021,Hawaii,3770.0,112.564,4.9,122.5
2022,Hawaii,3910.0,111.148,4.9,122.5
2023,Hawaii,4070.0,109.703,4.9,122.5
2024,Hawaii,4100.0,109.951,4.9,122.5
2008,Idaho,2400.0,94.953,7.5,218.6
2009,Idaho,2840.0,94.843,7.5,218.6
2010,Idaho,3160.0,93.2,7.5,218.6
2011,Idaho,3340.0,94.115,7.5,218.6
2012,Idaho,3920.0,93.477,7.5,218.6
2013,Idaho,4260.0,93.681,7.5,218.6
2014,Idaho,4360.0,93.691,7.5,218.6
2015,Idaho,4560.0,94.281,7.5,218.6
2016,Idaho,4690.0,92.998,7.5,218.6
2017,Idaho,4720.0,94.518,7.5,218.6
2018,Idaho,5050.0,91.736,7.5,218.6
2019,Idaho,5020.0,92.437,7.5,218.6
2020,Idaho,4890.0,91.023,7.5,218.6
2021,Idaho,4990.0,91.563,7.5,218.6
2022,Idaho,4840.0,91.802,7.5,218.6
2023,Idaho,4790.0,92.236,7.5,218.6
2024,Idaho,4730.0,95.494,7.5,218.6
2008,Illinois,2950.0,100.316,65.4,1621.2
2009,Illinois,3310.0,101.607,65.4,1621.2
2010,Illinois,3720.0,101.778,65.4,1621.2
2011,Illinois,4030.0,101.971,65.4,1621.2
2012,Illinois,4400.0,100.947,65.4,1621.2
2013,Illinois,4700.0,100.175,65.4,1621.2
2014,Illinois,4950.0,99.697,65.4,1621.2
2015,Illinois,5100.0,98.903,65.4,1621.2
2016,Illinois,5400.0,99.498,65.4,1621.2
2017,Illinois,5590.0,100.254,65.4,1621.2
2018,Illinois,5800.0,100.416,65.4,1621.2
2019,Illinois,5970.0,99.453,65.4,1621.2
2020,Illinois,6050.0,100.315,65.4,1621.2
2021,Illinois,6110.0,101.321,65.4,1621.2
2022,Illinois,6050.0,101.205,65.4,1621.2
2023,Illinois,6050.0,98.752,65.4,1621.2
2024,Illinois,5910.0,99.958,65.4,1621.2
2008,Indiana,2680.0,91.943,31.0,907.3
2009,Indiana,3030.0,92.555,31.0,907.3
2010,Indiana,3490.0,93.022,31.0,907.3
2011,Indiana,3790.0,92.38,31.0,907.3
2012,Indiana,4070.0,92.751,31.0,907.3
2013,Indiana,4300.0,92.881,31.0,907.3
2014,Indiana,4540.0,92.638,31.0,907.3
2015,Indiana,4700.0,91.415,31.0,907.3
2016,Indiana,4900.0,91.346,31.0,907.3
2017,Indiana,5060.0,90.875,31.0,907.3
2018,Indiana,5300.0,92.802,31.0,907.3
2019,Indiana,5290.0,92.829,31.0,907.3
2020,Indiana,5310.0,91.763,31.0,907.3
2021,Indiana,5290.0,92.579,31.0,907.3
2022,Indiana,5180.0,91.875,31.0,907.3
2023,Indiana,5110.0,92.097,31.0,907.3
2024,Indiana,5020.0,93.329,31.0,907.3
2008,Iowa,3260.0,87.351,13.6,428.7
2009,Iowa,3570.0,89.75,13.6,428.7
2010,Iowa,3880.0,91.139,13.6,428.7
2011,Iowa,4170.0,89.832,13.6,428.7
2012,Iowa,4490.0,90.793,13.6,428.7
2013,Iowa,4710.0,90.853,13.6,428.7
2014,Iowa,4810.0,90.97,13.6,428.7
2015,Iowa,4900.0,89.528,13.6,428.7
2016,Iowa,5120.0,89.439,13.6,428.7
2017,Iowa,5150.0,89.213,13.6,428.7
2018,Iowa,5300.0,91.797,13.6,428.7
2019,Iowa,5330.0,91.804,13.6,428.7
2020,Iowa,5290.0,90.61,13.6,428.7
2021,Iowa,5290.0,89.77,13.6,428.7
2022,Iowa,5210.0,88.351,13.6,428.7
2023,Iowa,5140.0,88.769,13.6,428.7
2024,Iowa,4890.0,87.762,13.6,428.7
2008,Kansas,3060.0,89.864,13.1,384.1
2009,Kansas,3320.0,91.846,13.1,384.1
2010,Kansas,3630.0,92.991,13.1,384.1
2011,Kansas,3920.0,92.772,13.1,384.1
2012,Kansas,4380.0,93.303,13.1,384.1
2013,Kansas,4540.0,92.606,13.1,384.1
2014,Kansas,4840.0,93.138,13.1,384.1
2015,Kansas,4950.0,92.814,13.1,384.1
2016,Kansas,5160.0,92.059,13.1,384.1
2017,Kansas,5300.0,91.555,13.1,384.1
2018,Kansas,5480.0,92.436,13.1,384.1
2019,Kansas,5540.0,92.734,13.1,384.1
2020,Kansas,5590.0,92.251,13.1,384.1
2021,Kansas,5660.0,91.27,13.1,384.1
2022,Kansas,5600.0,89.609,13.1,384.1
2023,Kansas,5540.0,89.908,13.1,384.1
2024,Kansas,5320.0,90.068,13.1,384.1
2008,Kentucky,2180.0,89.84,21.6,620.6
2009,Kentucky,2500.0,88.539,21.6,620.6
2010,Kentucky,2850.0,90.433,21.6,620.6
2011,Kentucky,3080.0,90.458,21.6,620.6
2012,Kentucky,3500.0,90.687,21.6,620.6
2013,Kentucky,3670.0,90.892,21.6,620.6
2014,Kentucky,3940.0,91.063,21.6,620.6
2015,Kentucky,4170.0,90.733,21.6,620.6
2016,Kentucky,4390.0,90.676,21.6,620.6
2017,Kentucky,4640.0,89.985,21.6,620.6
2018,Kentucky,4870.0,89.071,21.6,620.6
2019,Kentucky,4980.0,89.597,21.6,620.6
2020,Kentucky,5170.0,89.078,21.6,620.6
2021,Kentucky,5200.0,89.246,21.6,620.6
2022,Kentucky,5190.0,89.402,21.6,620.6
2023,Kentucky,5330.0,89.89,21.6,620.6
2024,Kentucky,5340.0,90.159,21.6,620.6
2008,Louisiana,2560.0,91.468,25.1,699.0
2009,Louisiana,2910.0,90.18,25.1,699.0
2010,Louisiana,3130.0,92.198,25.1,699.0
2011,Louisiana,3390.0,92.729,25.1,699.0
2012,Louisiana,3750.0,92.908,25.1,699.0
2013,Louisiana,4030.0,92.927,25.1,699.0
2014,Louisiana,4340.0,93.401,25.1,699.0
2015,Louisiana,4500.0,92.834,25.1,699.0
2016,Louisiana,4810.0,93.6,25.1,699.0
2017,Louisiana,5020.0,92.364,25.1,699.0
2018,Louisiana,5360.0,90.755,25.1,699.0
2019,Louisiana,5580.0,91.159,25.1,699.0
2020,Louisiana,5780.0,91.141,25.1,699.0
2021,Louisiana,5890.0,91.373,25.1,699.0
2022,Louisiana,5940.0,90.489,25.1,699.0
2023,Louisiana,5980.0,88.7,25.1,699.0
2024,Louisiana,6150.0,88.207,25.1,699.0
2008,Maine,3050.0,98.443,6.7,188.8
2009,Maine,3360.0,98.663,6.7,188.8
2010,Maine,3600.0,97.509,6.7,188.8
2011,Maine,3720.0,96.111,6.7,188.8
2012,Maine,3970.0,96.955,6.7,188.8
2013,Maine,4210.0,98.329,6.7,188.8
2014,Maine,4450.0,92.521,6.7,188.8
2015,Maine,4760.0,95.879,6.7,188.8
2016,Maine,5050.0,97.216,6.7,188.8
2017,Maine,5270.0,97.559,6.7,188.8
2018,Maine,5340.0,97.649,6.7,188.8
2019,Maine,5440.0,95.607,6.7,188.8
2020,Maine,5540.0,97.888,6.7,188.8
2021,Maine,5520.0,97.343,6.7,188.8
2022,Maine,5530.0,100.746,6.7,188.8
2023,Maine,5510.0,97.964,6.7,188.8
2024,Maine,5410.0,97.05,6.7,188.8
2008,Maryland,3060.0,108.81,38.5,850.9
2009,Maryland,3520.0,110.406,38.5,850.9
2010,Maryland,4040.0,108.418,38.5,850.9
2011,Maryland,4270.0,109.342,38.5,850.9
2012,Maryland,4730.0,107.418,38.5,850.9
2013,Maryland,5110.0,108.527,38.5,850.9
2014,Maryland,5480.0,107.879,38.5,850.9
2015,Maryland,5670.0,107.913,38.5,850.9
2016,Maryland,6010.0,107.222,38.5,850.9
2017,Maryland,6260.0,106.75,38.5,850.9
2018,Maryland,6740.0,106.311,38.5,850.9
2019,Maryland,6910.0,105.087,38.5,850.9
2020,Maryland,6910.0,106.396,38.5,850.9
2021,Maryland,7070.0,106.099,38.5,850.9
2022,Maryland,7050.0,104.89,38.5,850.9
2023,Maryland,7110.0,104.602,38.5,850.9
2024,Maryland,7020.0,104.959,38.5,850.9
2008,Massachusetts,3600.0,106.047,33.5,913.6
2009,Massachusetts,3900.0,105.455,33.5,913.6
2010,Massachusetts,4380.0,104.772,33.5,913.6
2011,Massachusetts,4580.0,104.747,33.5,913.6
2012,Massachusetts,4860.0,104.488,33.5,913.6
2013,Massachusetts,5170.0,103.298,33.5,913.6
2014,Massachusetts,5310.0,104.533,33.5,913.6
2015,Massachusetts,5630.0,105.086,33.5,913.6
2016,Massachusetts,5830.0,108.161,33.5,913.6
2017,Massachusetts,5980.0,107.406,33.5,913.6
2018,Massachusetts,6140.0,107.422,33.5,913.6
2019,Massachusetts,6180.0,107.151,33.5,913.6
2020,Massachusetts,6190.0,109.101,33.5,913.6
2021,Massachusetts,6300.0,106.698,33.5,913.6
2022,Massachusetts,6360.0,109.431,33.5,913.6
2023,Massachusetts,6340.0,107.675,33.5,913.6
2024,Massachusetts,6220.0,105.757,33.5,913.6
2008,Michigan,2700.0,95.855,53.2,1391.5
2009,Michigan,3120.0,96.044,53.2,1391.5
2010,Michigan,3500.0,96.187,53.2,1391.5
2011,Michigan,3800.0,95.188,53.2,1391.5
2012,Michigan,4240.0,94.979,53.2,1391.5
2013,Michigan,4540.0,95.192,53.2,1391.5
2014,Michigan,4840.0,95.473,53.2,1391.5
2015,Michigan,4940.0,93.713,53.2,1391.5
2016,Michigan,5280.0,93.637,53.2,1391.5
2017,Michigan,5490.0,92.727,53.2,1391.5
2018,Michigan,5800.0,94.518,53.2,1391.5
2019,Michigan,5910.0,95.359,53.2,1391.5
2020,Michigan,6030.0,94.431,53.2,1391.5
2021,Michigan,6070.0,94.281,53.2,1391.5
2022,Michigan,6070.0,93.589,53.2,1391.5
2023,Michigan,6020.0,94.296,53.2,1391.5
2024,Michigan,5870.0,96.217,53.2,1391.5
2008,Minnesota,3330.0,96.793,27.6,783.0
2009,Minnesota,3730.0,98.701,27.6,783.0
2010,Minnesota,4200.0,97.587,27.6,783.0
2011,Minnesota,4600.0,97.237,27.6,783.0
2012,Minnesota,5020.0,97.385,27.6,783.0
2013,Minnesota,5310.0,97.458,27.6,783.0
2014,Minnesota,5550.0,98.307,27.6,783.0
2015,Minnesota,5730.0,97.678,27.6,783.0
2016,Minnesota,5980.0,97.192,27.6,783.0
2017,Minnesota,6100.0,96.739,27.6,783.0
2018,Minnesota,6280.0,99.599,27.6,783.0
2019,Minnesota,6310.0,98.759,27.6,783.0
2020,Minnesota,6300.0,97.766,27.6,783.0
2021,Minnesota,6400.0,98.396,27.6,783.0
2022,Minnesota,6310.0,97.457,27.6,783.0
2023,Minnesota,6250.0,98.302,27.6,783.0
2024,Minnesota,6110.0,98.621,27.6,783.0
2008,Mississippi,2390.0,88.077,17.8,459.5
2009,Mississippi,2820.0,85.639,17.8,459.5
2010,Mississippi,3150.0,88.305,17.8,459.5
2011,Mississippi,3560.0,88.892,17.8,459.5
2012,Mississippi,4130.0,88.571,17.8,459.5
2013,Mississippi,4250.0,88.902,17.8,459.5
2014,Mississippi,4630.0,88.96,17.8,459.5
2015,Mississippi,4880.0,88.264,17.8,459.5
2016,Mississippi,5210.0,88.489,17.8,459.5
2017,Mississippi,5510.0,87.737,17.8,459.5
2018,Mississippi,5870.0,86.157,17.8,459.5
2019,Mississippi,5900.0,86.527,17.8,459.5
2020,Mississippi,6060.0,85.583,17.8,459.5
2021,Mississippi,6110.0,86.222,17.8,459.5
2022,Mississippi,6160.0,87.336,17.8,459.5
2023,Mississippi,6330.0,86.792,17.8,459.5
2024,Mississippi,6360.0,86.953,17.8,459.5
2008,Missouri,2700.0,88.434,30.6,834.6
2009,Missouri,3110.0,90.487,30.6,834.6
2010,Missouri,3470.0,93.105,30.6,834.6
2011,Missouri,3760.0,92.499,30.6,834.6
2012,Missouri,4180.0,92.436,30.6,834.6
2013,Missouri,4370.0,92.807,30.6,834.6
2014,Missouri,4620.0,93.351,30.6,834.6
2015,Missouri,4760.0,92.262,30.6,834.6
2016,Missouri,5000.0,91.676,30.6,834.6
2017,Missouri,5140.0,91.735,30.6,834.6
2018,Missouri,5270.0,91.806,30.6,834.6
2019,Missouri,5370.0,92.52,30.6,834.6
2020,Missouri,5480.0,92.162,30.6,834.6
2021,Missouri,5570.0,92.012,30.6,834.6
2022,Missouri,5610.0,90.991,30.6,834.6
2023,Missouri,5500.0,91.104,30.6,834.6
2024,Missouri,5430.0,90.817,30.6,834.6
2008,Montana,2680.0,94.079,4.5,127.8
2009,Montana,2950.0,93.196,4.5,127.8
2010,Montana,3210.0,92.445,4.5,127.8
2011,Montana,3420.0,94.232,4.5,127.8
2012,Montana,3750.0,93.187,4.5,127.8
2013,Montana,3840.0,92.88,4.5,127.8
2014,Montana,4090.0,95.152,4.5,127.8
2015,Montana,4080.0,94.974,4.5,127.8
2016,Montana,4000.0,93.862,4.5,127.8
2017,Montana,4360.0,94.202,4.5,127.8
2018,Montana,4670.0,92.401,4.5,127.8
2019,Montana,4620.0,94.24,4.5,127.8
2020,Montana,4720.0,91.972,4.5,127.8
2021,Montana,4720.0,91.328,4.5,127.8
2022,Montana,4810.0,90.179,4.5,127.8
2023,Montana,4550.0,91.014,4.5,127.8
2024,Montana,4470.0,94.645,4.5,127.8
2008,Nebraska,3090.0,89.575,8.2,247.0
2009,Nebraska,3290.0,90.645,8.2,247.0
2010,Nebraska,3750.0,92.061,8.2,247.0
2011,Nebraska,3890.0,91.377,8.2,247.0
2012,Nebraska,4200.0,92.284,8.2,247.0
2013,Nebraska,4300.0,91.812,8.2,247.0
2014,Nebraska,4510.0,91.757,8.2,247.0
2015,Nebraska,4710.0,91.166,8.2,247.0
2016,Nebraska,4850.0,90.767,8.2,247.0
2017,Nebraska,5000.0,89.807,8.2,247.0
2018,Nebraska,5080.0,91.838,8.2,247.0
2019,Nebraska,5170.0,92.531,8.2,247.0
2020,Nebraska,5270.0,92.808,8.2,247.0
2021,Nebraska,5280.0,91.956,8.2,247.0
2022,Nebraska,5200.0,89.844,8.2,247.0
2023,Nebraska,5030.0,90.288,8.2,247.0
2024,Nebraska,5120.0,90.103,8.2,247.0
2008,Nevada,1860.0,101.23,13.2,370.2
2009,Nevada,2080.0,103.054,13.2,370.2
2010,Nevada,2290.0,100.78,13.2,370.2
2011,Nevada,2460.0,102.211,13.2,370.2
2012,Nevada,2850.0,101.586,13.2,370.2
2013,Nevada,2960.0,99.84,13.2,370.2
2014,Nevada,3180.0,99.184,13.2,370.2
2015,Nevada,3430.0,98.592,13.2,370.2
2016,Nevada,3620.0,97.191,13.2,370.2
2017,Nevada,3790.0,99.854,13.2,370.2
2018,Nevada,4170.0,96.226,13.2,370.2
2019,Nevada,4270.0,98.838,13.2,370.2
2020,Nevada,4490.0,97.191,13.2,370.2
2021,Nevada,4760.0,95.356,13.2,370.2
2022,Nevada,4670.0,96.339,13.2,370.2
2023,Nevada,4640.0,97.861,13.2,370.2
2024,Nevada,4550.0,99.979,13.2,370.2
2008,New Hampshire,3460.0,106.112,6.9,190.5
2009,New Hampshire,3730.0,105.15,6.9,190.5
2010,New Hampshire,3980.0,104.026,6.9,190.5
2011,New Hampshire,4370.0,103.462,6.9,190.5
2012,New Hampshire,4630.0,102.921,6.9,190.5
2013,New Hampshire,4860.0,102.79,6.9,190.5
2014,New Hampshire,5000.0,102.091,6.9,190.5
2015,New Hampshire,5260.0,103.98,6.9,190.5
2016,New Hampshire,5580.0,105.096,6.9,190.5
2017,New Hampshire,5900.0,105.78,6.9,190.5
2018,New Hampshire,5860.0,103.549,6.9,190.5
2019,New Hampshire,5890.0,104.001,6.9,190.5
2020,New Hampshire,5960.0,105.269,6.9,190.5
2021,New Hampshire,5860.0,102.568,6.9,190.5
2022,New Hampshire,5940.0,107.847,6.9,190.5
2023,New Hampshire,5950.0,105.393,6.9,190.5
2024,New Hampshire,5840.0,104.165,6.9,190.5
2008,New Jersey,2950.0,107.565,48.4,1250.1
2009,New Jersey,3300.0,110.969,48.4,1250.1
2010,New Jersey,3680.0,108.796,48.4,1250.1
2011,New Jersey,3980.0,109.221,48.4,1250.1
2012,New Jersey,4330.0,109.274,48.4,1250.1
2013,New Jersey,4710.0,108.83,48.4,1250.1
2014,New Jersey,4970.0,109.032,48.4,1250.1
2015,New Jersey,5200.0,108.973,48.4,1250.1
2016,New Jersey,5530.0,109.059,48.4,1250.1
2017,New Jersey,5720.0,109.298,48.4,1250.1
2018,New Jersey,6090.0,111.019,48.4,1250.1
2019,New Jersey,6210.0,111.188,48.4,1250.1
2020,New Jersey,6320.0,110.722,48.4,1250.1
2021,New Jersey,6330.0,109.157,48.4,1250.1
2022,New Jersey,6440.0,108.759,48.4,1250.1
2023,New Jersey,6550.0,108.941,48.4,1250.1
2024,New Jersey,6530.0,108.805,48.4,1250.1
2008,New Mexico,2190.0,95.11,8.0,227.8
2009,New Mexico,2440.0,95.959,8.0,227.8
2010,New Mexico,2720.0,94.51,8.0,227.8
2011,New Mexico,3010.0,97.078,8.0,227.8
2012,New Mexico,3360.0,96.47,8.0,227.8
2013,New Mexico,3490.0,95.574,8.0,227.8
2014,New Mexico,3550.0,95.471,8.0,227.8
2015,New Mexico,3620.0,95.396,8.0,227.8
2016,New Mexico,3760.0,94.46,8.0,227.8
2017,New Mexico,3810.0,95.721,8.0,227.8
2018,New Mexico,4070.0,91.656,8.0,227.8
2019,New Mexico,4100.0,92.969,8.0,227.8
2020,New Mexico,4150.0,91.805,8.0,227.8
2021,New Mexico,4180.0,89.735,8.0,227.8
2022,New Mexico,4100.0,90.929,8.0,227.8
2023,New Mexico,4100.0,90.981,8.0,227.8
2024,New Mexico,4150.0,92.212,8.0,227.8
2008,New York,3450.0,111.358,99.9,2484.1
2009,New York,3820.0,110.997,99.9,2484.1
2010,New York,4200.0,109.744,99.9,2484.1
2011,New York,4440.0,110.838,99.9,2484.1
2012,New York,4770.0,109.623,99.9,2484.1
2013,New York,5060.0,109.724,99.9,2484.1
2014,New York,5190.0,108.853,99.9,2484.1
2015,New York,5330.0,109.583,99.9,2484.1
2016,New York,5550.0,110.086,99.9,2484.1
2017,New York,5810.0,109.988,99.9,2484.1
2018,New York,6090.0,109.507,99.9,2484.1
2019,New York,6180.0,109.426,99.9,2484.1
2020,New York,6160.0,110.13,99.9,2484.1
2021,New York,6180.0,109.564,99.9,2484.1
2022,New York,6090.0,107.557,99.9,2484.1
2023,New York,6160.0,107.842,99.9,2484.1
2024,New York,6100.0,107.921,99.9,2484.1
2008,North Carolina,2140.0,92.449,55.7,1389.9
2009,North Carolina,2480.0,91.262,55.7,1389.9
2010,North Carolina,2800.0,92.899,55.7,1389.9
2011,North Carolina,3050.0,93.572,55.7,1389.9
2012,North Carolina,3420.0,93.509,55.7,1389.9
2013,North Carolina,3750.0,93.732,55.7,1389.9
2014,North Carolina,4010.0,93.826,55.7,1389.9
2015,North Carolina,4280.0,93.588,55.7,1389.9
2016,North Carolina,4650.0,93.801,55.7,1389.9
2017,North Carolina,4950.0,93.025,55.7,1389.9
2018,North Carolina,5240.0,92.894,55.7,1389.9
2019,North Carolina,5470.0,91.866,55.7,1389.9
2020,North Carolina,5550.0,91.345,55.7,1389.9
2021,North Carolina,5670.0,93.734,55.7,1389.9
2022,North Carolina,5690.0,94.013,55.7,1389.9
2023,North Carolina,5710.0,94.399,55.7,1389.9
2024,North Carolina,5680.0,94.326,55.7,1389.9
2008,North Dakota,3260.0,85.891,2.7,89.5
2009,North Dakota,3600.0,87.852,2.7,89.5
2010,North Dakota,3870.0,89.083,2.7,89.5
2011,North Dakota,4150.0,89.549,2.7,89.5
2012,North Dakota,4670.0,91.997,2.7,89.5
2013,North Dakota,4770.0,92.225,2.7,89.5
2014,North Dakota,4870.0,92.45,2.7,89.5
2015,North Dakota,5040.0,91.063,2.7,89.5
2016,North Dakota,4910.0,91.588,2.7,89.5
2017,North Dakota,5240.0,88.664,2.7,89.5
2018,North Dakota,5510.0,91.168,2.7,89.5
2019,North Dakota,5500.0,93.191,2.7,89.5
2020,North Dakota,4590.0,91.816,2.7,89.5
2021,North Dakota,5670.0,90.962,2.7,89.5
2022,North Dakota,5470.0,88.703,2.7,89.5
2023,North Dakota,5290.0,88.174,2.7,89.5
2024,North Dakota,5180.0,88.959,2.7,89.5
2008,Ohio,3060.0,92.531,64.4,1787.0
2009,Ohio,3490.0,93.493,64.4,1787.0
2010,Ohio,3940.0,93.105,64.4,1787.0
2011,Ohio,4220.0,92.191,64.4,1787.0
2012,Ohio,4640.0,93.014,64.4,1787.0
2013,Ohio,5000.0,93.26,64.4,1787.0
2014,Ohio,5320.0,93.019,64.4,1787.0
2015,Ohio,5510.0,92.218,64.4,1787.0
2016,Ohio,5780.0,92.333,64.4,1787.0
2017,Ohio,5980.0,91.931,64.4,1787.0
2018,Ohio,6220.0,92.985,64.4,1787.0
2019,Ohio,6320.0,93.289,64.4,1787.0
2020,Ohio,6400.0,91.935,64.4,1787.0
2021,Ohio,6390.0,92.223,64.4,1787.0
2022,Ohio,6320.0,91.506,64.4,1787.0
2023,Ohio,6210.0,91.903,64.4,1787.0
2024,Ohio,6120.0,92.774,64.4,1787.0
2008,Oklahoma,2400.0,89.536,17.1,514.8
2009,Oklahoma,2700.0,88.457,17.1,514.8
2010,Oklahoma,2940.0,90.562,17.1,514.8
2011,Oklahoma,3210.0,90.935,17.1,514.8
2012,Oklahoma,3580.0,91.232,17.1,514.8
2013,Oklahoma,3730.0,91.527,17.1,514.8
2014,Oklahoma,3840.0,91.825,17.1,514.8
2015,Oklahoma,3940.0,91.369,17.1,514.8
2016,Oklahoma,4100.0,91.514,17.1,514.8
2017,Oklahoma,4300.0,90.881,17.1,514.8
2018,Oklahoma,4540.0,89.646,17.1,514.8
2019,Oklahoma,4560.0,89.332,17.1,514.8
2020,Oklahoma,4630.0,89.63,17.1,514.8
2021,Oklahoma,4710.0,89.883,17.1,514.8
2022,Oklahoma,4690.0,88.807,17.1,514.8
2023,Oklahoma,4720.0,88.68,17.1,514.8
2024,Oklahoma,4630.0,87.843,17.1,514.8
2008,Oregon,2710.0,97.802,20.8,531.9
2009,Oregon,3090.0,100.273,20.8,531.9
2010,Oregon,3440.0,99.43,20.8,531.9
2011,Oregon,3720.0,99.789,20.8,531.9
2012,Oregon,4160.0,101.125,20.8,531.9
2013,Oregon,4460.0,100.175,20.8,531.9
2014,Oregon,4750.0,99.745,20.8,531.9
2015,Oregon,4980.0,101.119,20.8,531.9
2016,Oregon,5260.0,99.593,20.8,531.9
2017,Oregon,5430.0,101.474,20.8,531.9
2018,Oregon,5760.0,104.657,20.8,531.9
2019,Oregon,5820.0,103.811,20.8,531.9
2020,Oregon,5890.0,103.243,20.8,531.9
2021,Oregon,5880.0,103.15,20.8,531.9
2022,Oregon,5770.0,106.612,20.8,531.9
2023,Oregon,5740.0,104.812,20.8,531.9
2024,Oregon,5610.0,103.361,20.8,531.9
2008,Pennsylvania,3200.0,99.153,69.7,1874.3
2009,Pennsylvania,3600.0,99.488,69.7,1874.3
2010,Pennsylvania,3950.0,98.94,69.7,1874.3
2011,Pennsylvania,4290.0,98.437,69.7,1874.3
2012,Pennsylvania,4600.0,98.003,69.7,1874.3
2013,Pennsylvania,4890.0,97.836,69.7,1874.3
2014,Pennsylvania,5140.0,97.207,69.7,1874.3
2015,Pennsylvania,5350.0,98.147,69.7,1874.3
2016,Pennsylvania,5660.0,97.767,69.7,1874.3
2017,Pennsylvania,5910.0,99.102,69.7,1874.3
2018,Pennsylvania,6210.0,98.151,69.7,1874.3
2019,Pennsylvania,6420.0,97.979,69.7,1874.3
2020,Pennsylvania,6520.0,97.717,69.7,1874.3
2021,Pennsylvania,6450.0,96.145,69.7,1874.3
2022,Pennsylvania,6540.0,96.256,69.7,1874.3
2023,Pennsylvania,6570.0,97.4,69.7,1874.3
2024,Pennsylvania,6510.0,97.572,69.7,1874.3
2008,Rhode Island,2870.0,103.603,5.2,151.2
2009,Rhode Island,3200.0,103.935,5.2,151.2
2010,Rhode Island,3750.0,101.802,5.2,151.2
2011,Rhode Island,3600.0,101.111,5.2,151.2
2012,Rhode Island,4060.0,99.842,5.2,151.2
2013,Rhode Island,4410.0,101.446,5.2,151.2
2014,Rhode Island,4650.0,100.26,5.2,151.2
2015,Rhode Island,4780.0,102.014,5.2,151.2
2016,Rhode Island,4940.0,101.59,5.2,151.2
2017,Rhode Island,4910.0,102.403,5.2,151.2
2018,Rhode Island,5390.0,102.033,5.2,151.2
2019,Rhode Island,5640.0,102.39,5.2,151.2
2020,Rhode Island,5500.0,101.771,5.2,151.2
2021,Rhode Island,5660.0,102.19,5.2,151.2
2022,Rhode Island,5550.0,104.453,5.2,151.2
2023,Rhode Island,5650.0,102.065,5.2,151.2
2024,Rhode Island,5530.0,102.28,5.2,151.2
2008,South Carolina,2430.0,91.953,31.4,787.3
2009,South Carolina,2820.0,90.998,31.4,787.3
2010,South Carolina,3210.0,92.664,31.4,787.3
2011,South Carolina,3500.0,93.183,31.4,787.3
2012,South Carolina,4020.0,93.392,31.4,787.3
2013,South Carolina,4290.0,93.299,31.4,787.3
2014,South Carolina,4620.0,93.231,31.4,787.3
2015,South Carolina,4870.0,93.32,31.4,787.3
2016,South Carolina,5240.0,93.636,31.4,787.3
2017,South Carolina,5500.0,92.84,31.4,787.3
2018,South Carolina,5870.0,92.244,31.4,787.3
2019,South Carolina,6050.0,91.49,31.4,787.3
2020,South Carolina,6070.0,90.873,31.4,787.3
2021,South Carolina,6110.0,93.61,31.4,787.3
2022,South Carolina,6150.0,93.342,31.4,787.3
2023,South Carolina,6250.0,93.477,31.4,787.3
2024,South Carolina,6150.0,93.749,31.4,787.3
2008,South Dakota,3250.0,85.018,3.7,118.2
2009,South Dakota,3450.0,86.061,3.7,118.2
2010,South Dakota,3740.0,88.807,3.7,118.2
2011,South Dakota,3950.0,87.272,3.7,118.2
2012,South Dakota,4290.0,90.336,3.7,118.2
2013,South Dakota,4250.0,90.181,3.7,118.2
2014,South Dakota,4340.0,89.357,3.7,118.2
2015,South Dakota,4710.0,87.799,3.7,118.2
2016,South Dakota,4890.0,87.282,3.7,118.2
2017,South Dakota,5020.0,87.223,3.7,118.2
2018,South Dakota,5170.0,91.206,3.7,118.2
2019,South Dakota,5150.0,91.818,3.7,118.2
2020,South Dakota,5260.0,91.32,3.7,118.2
2021,South Dakota,5350.0,90.105,3.7,118.2
2022,South Dakota,5330.0,87.851,3.7,118.2
2023,South Dakota,5160.0,88.149,3.7,118.2
2024,South Dakota,5010.0,88.586,3.7,118.2
2008,Tennessee,2190.0,91.697,34.5,901.7
2009,Tennessee,2460.0,90.495,34.5,901.7
2010,Tennessee,2820.0,92.356,34.5,901.7
2011,Tennessee,3090.0,92.89,34.5,901.7
2012,Tennessee,3480.0,93.405,34.5,901.7
2013,Tennessee,3770.0,92.994,34.5,901.7
2014,Tennessee,4050.0,92.785,34.5,901.7
2015,Tennessee,4190.0,92.812,34.5,901.7
2016,Tennessee,4520.0,93.81,34.5,901.7
2017,Tennessee,4760.0,93.04,34.5,901.7
2018,Tennessee,5050.0,89.649,34.5,901.7
2019,Tennessee,5190.0,91.262,34.5,901.7
2020,Tennessee,5210.0,90.502,34.5,901.7
2021,Tennessee,5330.0,90.58,34.5,901.7
2022,Tennessee,5350.0,91.8,34.5,901.7
2023,Tennessee,5320.0,92.094,34.5,901.7
2024,Tennessee,5240.0,91.87,34.5,901.7
2008,Texas,2350.0,97.068,138.0,3978.0
2009,Texas,2680.0,96.717,138.0,3978.0
2010,Texas,2990.0,97.665,138.0,3978.0
2011,Texas,3240.0,96.986,138.0,3978.0
2012,Texas,3610.0,97.714,138.0,3978.0
2013,Texas,3740.0,98.134,138.0,3978.0
2014,Texas,4000.0,98.437,138.0,3978.0
2015,Texas,4180.0,98.291,138.0,3978.0
2016,Texas,4460.0,98.078,138.0,3978.0
2017,Texas,4700.0,97.435,138.0,3978.0
2018,Texas,4970.0,97.805,138.0,3978.0
2019,Texas,5100.0,98.507,138.0,3978.0
2020,Texas,5160.0,98.759,138.0,3978.0
2021,Texas,5330.0,98.402,138.0,3978.0
2022,Texas,5330.0,97.411,138.0,3978.0
2023,Texas,5350.0,97.14,138.0,3978.0
2024,Texas,5270.0,97.057,138.0,3978.0
2008,Utah,2210.0,96.978,11.1,317.2
2009,Utah,2500.0,100.037,11.1,317.2
2010,Utah,2730.0,97.291,11.1,317.2
2011,Utah,3030.0,99.813,11.1,317.2
2012,Utah,3390.0,99.412,11.1,317.2
2013,Utah,3470.0,98.587,11.1,317.2
2014,Utah,3620.0,97.937,11.1,317.2
2015,Utah,3870.0,97.636,11.1,317.2
2016,Utah,4100.0,97.091,11.1,317.2
2017,Utah,4230.0,98.721,11.1,317.2
2018,Utah,4350.0,96.018,11.1,317.2
2019,Utah,4290.0,97.246,11.1,317.2
2020,Utah,4270.0,95.259,11.1,317.2
2021,Utah,4350.0,94.481,11.1,317.2
2022,Utah,4220.0,94.59,11.1,317.2
2023,Utah,4230.0,95.716,11.1,317.2
2024,Utah,4090.0,98.864,11.1,317.2
2008,Vermont,3780.0,100.686,2.9,76.0
2009,Vermont,3850.0,101.415,2.9,76.0
2010,Vermont,4070.0,99.379,2.9,76.0
2011,Vermont,4070.0,99.109,2.9,76.0
2012,Vermont,4400.0,99.981,2.9,76.0
2013,Vermont,4530.0,100.424,2.9,76.0
2014,Vermont,4850.0,97.937,2.9,76.0
2015,Vermont,5130.0,100.029,2.9,76.0
2016,Vermont,5250.0,98.224,2.9,76.0
2017,Vermont,5620.0,100.337,2.9,76.0
2018,Vermont,5480.0,100.204,2.9,76.0
2019,Vermont,5880.0,99.604,2.9,76.0
2020,Vermont,6190.0,102.132,2.9,76.0
2021,Vermont,6030.0,98.694,2.9,76.0
2022,Vermont,6220.0,101.033,2.9,76.0
2023,Vermont,6090.0,97.142,2.9,76.0
2024,Vermont,5710.0,97.958,2.9,76.0
2008,Virginia,2690.0,103.204,45.6,1098.8
2009,Virginia,3070.0,102.426,45.6,1098.8
2010,Virginia,3410.0,103.724,45.6,1098.8
2011,Virginia,3690.0,103.425,45.6,1098.8
2012,Virginia,4030.0,102.494,45.6,1098.8
2013,Virginia,4320.0,103.523,45.6,1098.8
2014,Virginia,4680.0,103.454,45.6,1098.8
2015,Virginia,4850.0,103.57,45.6,1098.8
2016,Virginia,5230.0,102.777,45.6,1098.8
2017,Virginia,5550.0,101.222,45.6,1098.8
2018,Virginia,5820.0,101.957,45.6,1098.8
2019,Virginia,6050.0,100.053,45.6,1098.8
2020,Virginia,6190.0,101.003,45.6,1098.8
2021,Virginia,6120.0,102.3,45.6,1098.8
2022,Virginia,6210.0,102.026,45.6,1098.8
2023,Virginia,6190.0,101.331,45.6,1098.8
2024,Virginia,6190.0,101.104,45.6,1098.8
2008,Washington,2300.0,104.488,29.7,785.7
2009,Washington,2540.0,104.631,29.7,785.7
2010,Washington,2820.0,102.741,29.7,785.7
2011,Washington,3030.0,103.244,29.7,785.7
2012,Washington,3380.0,102.541,29.7,785.7
2013,Washington,3540.0,102.482,29.7,785.7
2014,Washington,3710.0,103.92,29.7,785.7
2015,Washington,3860.0,104.4,29.7,785.7
2016,Washington,4030.0,105.56,29.7,785.7
2017,Washington,4110.0,107.035,29.7,785.7
2018,Washington,4270.0,107.124,29.7,785.7
2019,Washington,4330.0,107.971,29.7,785.7
2020,Washington,4410.0,107.859,29.7,785.7
2021,Washington,4380.0,108.804,29.7,785.7
2022,Washington,4350.0,110.035,29.7,785.7
2023,Washington,4310.0,108.37,29.7,785.7
2024,Washington,4290.0,107.013,29.7,785.7
2008,West Virginia,2320.0,87.636,7.7,230.3
2009,West Virginia,2580.0,86.654,7.7,230.3
2010,West Virginia,2840.0,88.909,7.7,230.3
2011,West Virginia,2990.0,89.295,7.7,230.3
2012,West Virginia,3290.0,89.312,7.7,230.3
2013,West Virginia,3490.0,90.246,7.7,230.3
2014,West Virginia,3780.0,89.864,7.7,230.3
2015,West Virginia,3800.0,90.557,7.7,230.3
2016,West Virginia,3920.0,89.805,7.7,230.3
2017,West Virginia,4070.0,88.966,7.7,230.3
2018,West Virginia,4020.0,89.411,7.7,230.3
2019,West Virginia,4180.0,88.518,7.7,230.3
2020,West Virginia,4400.0,87.334,7.7,230.3
2021,West Virginia,4460.0,90.981,7.7,230.3
2022,West Virginia,4590.0,89.157,7.7,230.3
2023,West Virginia,4500.0,89.633,7.7,230.3
2024,West Virginia,4400.0,89.497,7.7,230.3
2008,Wisconsin,2530.0,93.159,24.0,718.5
2009,Wisconsin,2870.0,94.116,24.0,718.5
2010,Wisconsin,3240.0,94.723,24.0,718.5
2011,Wisconsin,3470.0,93.742,24.0,718.5
2012,Wisconsin,3860.0,94.312,24.0,718.5
2013,Wisconsin,4000.0,93.89,24.0,718.5
2014,Wisconsin,4230.0,93.799,24.0,718.5
2015,Wisconsin,4370.0,93.287,24.0,718.5
2016,Wisconsin,4580.0,93.173,24.0,718.5
2017,Wisconsin,4750.0,93.531,24.0,718.5
2018,Wisconsin,4850.0,94.028,24.0,718.5
2019,Wisconsin,4940.0,94.476,24.0,718.5
2020,Wisconsin,5020.0,92.666,24.0,718.5
2021,Wisconsin,5030.0,93.309,24.0,718.5
2022,Wisconsin,4950.0,92.401,24.0,718.5
2023,Wisconsin,4890.0,93.22,24.0,718.5
2024,Wisconsin,4740.0,94.095,24.0,718.5
2008,Wyoming,2090.0,95.291,1.8,55.5
2009,Wyoming,2270.0,96.618,1.8,55.5
2010,Wyoming,2480.0,95.473,1.8,55.5
2011,Wyoming,2770.0,97.618,1.8,55.5
2012,Wyoming,3090.0,96.265,1.8,55.5
2013,Wyoming,3160.0,97.347,1.8,55.5
2014,Wyoming,3290.0,97.404,1.8,55.5
2015,Wyoming,3290.0,96.941,1.8,55.5
2016,Wyoming,3300.0,97.747,1.8,55.5
2017,Wyoming,3270.0,97.146,1.8,55.5
2018,Wyoming,3610.0,92.372,1.8,55.5
2019,Wyoming,3690.0,94.107,1.8,55.5
2020,Wyoming,3540.0,91.836,1.8,55.5
2021,Wyoming,3670.0,91.44,1.8,55.5
2022,Wyoming,3640.0,91.767,1.8,55.5
2023,Wyoming,3820.0,91.551,1.8,55.5
2024,Wyoming,3530.0,92.691,1.8,55.5
